{"ActsDyloadTest": {"subsystem": "kernel", "build_target_name": "ActsDyloadTest"}, "ActsNFSTest": {"subsystem": "kernel", "build_target_name": "ActsNFSTest"}, "ActsJFFS2Test": {"subsystem": "kernel", "build_target_name": "ActsJFFS2Test"}, "ActsVFATTest": {"subsystem": "kernel", "build_target_name": "ActsVFATTest"}, "ActsFutexApiTest": {"subsystem": "kernel", "build_target_name": "ActsFutexApiTest"}, "ActsMathApiTest": {"subsystem": "kernel", "build_target_name": "ActsMathApiTest"}, "ActsMemApiTest": {"subsystem": "kernel", "build_target_name": "ActsMemApiTest"}, "ActsProcessApiTest": {"subsystem": "kernel", "build_target_name": "ActsProcessApiTest"}, "ActsSysApiTest": {"subsystem": "kernel", "build_target_name": "ActsSysApiTest"}, "ActsSchedApiTest": {"subsystem": "kernel", "build_target_name": "ActsSchedApiTest"}, "ActsKernelIPCTest": {"subsystem": "kernel", "build_target_name": "ActsKernelIPCTest"}, "ActsTimeApiTest": {"subsystem": "kernel", "build_target_name": "ActsTimeApiTest"}, "ActsUtilConvertApiTest": {"subsystem": "kernel", "build_target_name": "ActsUtilConvertApiTest"}, "ActsUtilDatastructApiTest": {"subsystem": "kernel", "build_target_name": "ActsUtilDatastructApiTest"}, "ActsUtilMathApiTest": {"subsystem": "kernel", "build_target_name": "ActsUtilMathApiTest"}, "ActsUtilCheckApiTest": {"subsystem": "kernel", "build_target_name": "ActsUtilCheckApiTest"}, "ActsUtilMsgApiTest": {"subsystem": "kernel", "build_target_name": "ActsUtilMsgApiTest"}, "ActsUtilStringApiTest": {"subsystem": "kernel", "build_target_name": "ActsUtilStringApiTest"}, "ActsUtilWideCheckApiTest": {"subsystem": "kernel", "build_target_name": "ActsUtilWideCheckApiTest"}, "ActsBootstrapTest": {"subsystem": "startup", "build_target_name": "ActsBootstrapTest"}, "ActsDacTest": {"subsystem": "security", "build_target_name": "ActsDacTest"}, "ActsBundleMgrTest": {"subsystem": "appexecfwk", "build_target_name": "ActsBundleMgrTest"}, "ActsSamgrTest": {"subsystem": "distributedschedule", "build_target_name": "ActsSamgrTest"}, "ActsLwipTest": {"subsystem": "communication", "build_target_name": "ActsLwipTest"}, "ActsSoftBusTest": {"subsystem": "communication", "build_target_name": "ActsSoftBusTest"}, "ActsSecurityDataTest": {"subsystem": "security", "build_target_name": "ActsSecurityDataTest"}, "ActsKvStoreTest": {"subsystem": "utils", "build_target_name": "ActsKvStoreTest"}, "ActsParameterTest": {"subsystem": "startup", "build_target_name": "ActsParameterTest"}, "ActsOpenPosixTest": {"subsystem": "open_posix_testsuite", "build_target_name": "ActsOpenPosixTest"}}