{
    "description": "Config for hcpptest demo test cases",
    "environment": [
        {
            "type": "device",
            "label": "ipcamera"
        }
    ],
    "kits": [
        {
            "type": "MountKit",
            "server": "NfsServer",
            "mount": [
                {
                    "source": "testcases/communication",
                    "target": "/test_root/communication"
                }
            ]
        }
    ],
    "driver": {
        "type": "CppTestLite",
        "execute": "/test_root/communication/ActsSoftBusTest.bin"
    }
}